Augustus 1954,Prins Bernhard (1950),Koningin Juliana (1949),Koningin Wilhelmina (1927),Prins Hendrik (1932),Koningin Emma (1933),Prins Willem I (1933),Oosterschelde (1933),Zandkreek (1926),Zuidvliet (1914),Noord-Beveland (1952),Dordrecht (1933),Willemsdorp (1930)
01-08-1954,Vlissingen-Breskens,Vlissingen-Breskens,Kruiningen-Perkpolder,Werkplaats,Zierikzee-Katseveer,Werkplaats,Terneuzen-Hoedekenskerke,Zierikzee-Katseveer,Veere-Kamperland,Kortgene-Wolphaartsdijk,Kruiningen-Perkpolder,Werkplaats
02-08-1954,Vlissingen-Breskens,Vlissingen-Breskens,Kruiningen-Perkpolder,Werkplaats,Zierikzee-Katseveer,Werkplaats,Terneuzen-Hoedekenskerke,Zierikzee-Katseveer,Veere-Kamperland,Kortgene-Wolphaartsdijk,Kruiningen-Perkpolder,Werkplaats
03-08-1954,Vlissingen-Breskens,Vlissingen-Breskens,Kruiningen-Perkpolder,Werkplaats,Zierikzee-Katseveer,Werkplaats,Terneuzen-Hoedekenskerke,Zierikzee-Katseveer,Veere-Kamperland,Kortgene-Wolphaartsdijk,Kruiningen-Perkpolder,Werkplaats
04-08-1954,Vlissingen-Breskens,Vlissingen-Breskens,Kruiningen-Perkpolder,Werkplaats,Terneuzen-Hoedekenskerke,Werkplaats,Zierikzee-Katseveer,Zierikzee-Katseveer,Veere-Kamperland,Kortgene-Wolphaartsdijk,Kruiningen-Perkpolder,Werkplaats
05-08-1954,Vlissingen-Breskens,Vlissingen-Breskens,Kruiningen-Perkpolder,Werkplaats,Terneuzen-Hoedekenskerke,Werkplaats,Zierikzee-Katseveer,Zierikzee-Katseveer,Veere-Kamperland,Kortgene-Wolphaartsdijk,Kruiningen-Perkpolder,Werkplaats
06-08-1954,Vlissingen-Breskens,Vlissingen-Breskens,Kruiningen-Perkpolder,Werkplaats,Terneuzen-Hoedekenskerke,Werkplaats,Zierikzee-Katseveer,Zierikzee-Katseveer,Veere-Kamperland,Kortgene-Wolphaartsdijk,Kruiningen-Perkpolder,Werkplaats
07-08-1954,Vlissingen-Breskens,Vlissingen-Breskens,Kruiningen-Perkpolder,Werkplaats,Terneuzen-Hoedekenskerke,Werkplaats,Zierikzee-Katseveer,Zierikzee-Katseveer,Veere-Kamperland,Kortgene-Wolphaartsdijk,Kruiningen-Perkpolder,Werkplaats
08-08-1954,Vlissingen-Breskens,Vlissingen-Breskens,Defect,Werkplaats,Terneuzen-Hoedekenskerke,Werkplaats,Zierikzee-Katseveer,Zierikzee-Katseveer,Veere-Kamperland,Kortgene-Wolphaartsdijk,Kruiningen-Perkpolder,Werkplaats
09-08-1954,Vlissingen-Breskens,Vlissingen-Breskens,Kruiningen-Perkpolder,Werkplaats,Terneuzen-Hoedekenskerke,Werkplaats,Zierikzee-Katseveer,Zierikzee-Katseveer,Veere-Kamperland,Kortgene-Wolphaartsdijk,Kruiningen-Perkpolder,Werkplaats
10-08-1954,Vlissingen-Breskens,Vlissingen-Breskens,Kruiningen-Perkpolder,Werkplaats,Terneuzen-Hoedekenskerke,Werkplaats,Zierikzee-Katseveer,Zierikzee-Katseveer,Veere-Kamperland,Kortgene-Wolphaartsdijk,Kruiningen-Perkpolder,Werkplaats
11-08-1954,Vlissingen-Breskens,Vlissingen-Breskens,Kruiningen-Perkpolder,Werkplaats,Terneuzen-Hoedekenskerke,Werkplaats,Zierikzee-Katseveer,Zierikzee-Katseveer,Veere-Kamperland,Kortgene-Wolphaartsdijk,Kruiningen-Perkpolder,Werkplaats
12-08-1954,Vlissingen-Breskens,Vlissingen-Breskens,Kruiningen-Perkpolder,Werkplaats,Terneuzen-Hoedekenskerke,Werkplaats,Zierikzee-Katseveer,Zierikzee-Katseveer,Veere-Kamperland,Kortgene-Wolphaartsdijk,Kruiningen-Perkpolder,Werkplaats
13-08-1954,Vlissingen-Breskens,Vlissingen-Breskens,Kruiningen-Perkpolder,Werkplaats,Terneuzen-Hoedekenskerke,Werkplaats,Zierikzee-Katseveer,Zierikzee-Katseveer,Veere-Kamperland,Kortgene-Wolphaartsdijk,Kruiningen-Perkpolder,Werkplaats
14-08-1954,Vlissingen-Breskens,Vlissingen-Breskens,Kruiningen-Perkpolder,Werkplaats,Terneuzen-Hoedekenskerke,Werkplaats,Zierikzee-Katseveer,Zierikzee-Katseveer,Veere-Kamperland,Kortgene-Wolphaartsdijk,Kruiningen-Perkpolder,Werkplaats
15-08-1954,Vlissingen-Breskens,Vlissingen-Breskens,Kruiningen-Perkpolder,Werkplaats,Terneuzen-Hoedekenskerke,Werkplaats,Zierikzee-Katseveer,Zierikzee-Katseveer,Veere-Kamperland,Kortgene-Wolphaartsdijk,Kruiningen-Perkpolder,Werkplaats
16-08-1954,Vlissingen-Breskens,Vlissingen-Breskens,Kruiningen-Perkpolder,Werkplaats,Terneuzen-Hoedekenskerke,Werkplaats,Zierikzee-Katseveer,Zierikzee-Katseveer,Veere-Kamperland,Kortgene-Wolphaartsdijk,Kruiningen-Perkpolder,Werkplaats
17-08-1954,Vlissingen-Breskens,Vlissingen-Breskens,Kruiningen-Perkpolder,Werkplaats,Terneuzen-Hoedekenskerke,Werkplaats,Zierikzee-Katseveer,Zierikzee-Katseveer,Veere-Kamperland,Kortgene-Wolphaartsdijk,Kruiningen-Perkpolder,Werkplaats
18-08-1954,Vlissingen-Breskens,Vlissingen-Breskens,Kruiningen-Perkpolder,Werkplaats,Terneuzen-Hoedekenskerke,Werkplaats,Zierikzee-Katseveer,Zierikzee-Katseveer,Veere-Kamperland,Kortgene-Wolphaartsdijk,Kruiningen-Perkpolder,Werkplaats
19-08-1954,Vlissingen-Breskens,Vlissingen-Breskens,Kruiningen-Perkpolder,Werkplaats,Terneuzen-Hoedekenskerke,Werkplaats,Zierikzee-Katseveer,Zierikzee-Katseveer,Veere-Kamperland,Kortgene-Wolphaartsdijk,Kruiningen-Perkpolder,Werkplaats
20-08-1954,Vlissingen-Breskens,Vlissingen-Breskens,Kruiningen-Perkpolder,Werkplaats,Terneuzen-Hoedekenskerke,Werkplaats,Zierikzee-Katseveer,Zierikzee-Katseveer,Veere-Kamperland,Kortgene-Wolphaartsdijk,Kruiningen-Perkpolder,Werkplaats
21-08-1954,Vlissingen-Breskens,Vlissingen-Breskens,Kruiningen-Perkpolder,Werkplaats,Terneuzen-Hoedekenskerke,Werkplaats,Zierikzee-Katseveer,Zierikzee-Katseveer,Veere-Kamperland,Kortgene-Wolphaartsdijk,Kruiningen-Perkpolder,Werkplaats
22-08-1954,Vlissingen-Breskens,Vlissingen-Breskens,Kruiningen-Perkpolder,Werkplaats,Terneuzen-Hoedekenskerke,Werkplaats,Zierikzee-Katseveer,Zierikzee-Katseveer,Veere-Kamperland,Kortgene-Wolphaartsdijk,Kruiningen-Perkpolder,Werkplaats
23-08-1954,Vlissingen-Breskens,Vlissingen-Breskens,Kruiningen-Perkpolder,Werkplaats,Terneuzen-Hoedekenskerke,Werkplaats,Zierikzee-Katseveer,Zierikzee-Katseveer,Veere-Kamperland,Kortgene-Wolphaartsdijk,Kruiningen-Perkpolder,Werkplaats
24-08-1954,Vlissingen-Breskens,Vlissingen-Breskens,Kruiningen-Perkpolder,Werkplaats,Terneuzen-Hoedekenskerke,Werkplaats,Zierikzee-Katseveer,Zierikzee-Katseveer,Veere-Kamperland,Kortgene-Wolphaartsdijk,Kruiningen-Perkpolder,Werkplaats
25-08-1954,Vlissingen-Breskens,Vlissingen-Breskens,Kruiningen-Perkpolder,Werkplaats,Terneuzen-Hoedekenskerke,Werkplaats,Zierikzee-Katseveer,Zierikzee-Katseveer,Veere-Kamperland,Kortgene-Wolphaartsdijk,Kruiningen-Perkpolder,Werkplaats
26-08-1954,Vlissingen-Breskens,Vlissingen-Breskens,Kruiningen-Perkpolder,Werkplaats,Terneuzen-Hoedekenskerke,Werkplaats,Zierikzee-Katseveer,Zierikzee-Katseveer,Veere-Kamperland,Kortgene-Wolphaartsdijk,Kruiningen-Perkpolder,Werkplaats
27-08-1954,Vlissingen-Breskens,Vlissingen-Breskens,Kruiningen-Perkpolder,Werkplaats,Terneuzen-Hoedekenskerke,Ligplaats Vlissingen,Zierikzee-Katseveer,Zierikzee-Katseveer,Veere-Kamperland,Kortgene-Wolphaartsdijk,Kruiningen-Perkpolder,Werkplaats
28-08-1954,Vlissingen-Breskens,Vlissingen-Breskens,Kruiningen-Perkpolder,Werkplaats,Terneuzen-Hoedekenskerke,Ligplaats Vlissingen,Zierikzee-Katseveer,Zierikzee-Katseveer,Veere-Kamperland,Kortgene-Wolphaartsdijk,Kruiningen-Perkpolder,Werkplaats
29-08-1954,Vlissingen-Breskens,Vlissingen-Breskens,Kruiningen-Perkpolder,Werkplaats,Terneuzen-Hoedekenskerke,Speciale vaart,Zierikzee-Katseveer,Zierikzee-Katseveer,Veere-Kamperland,Kortgene-Wolphaartsdijk,Kruiningen-Perkpolder,Werkplaats
30-08-1954,Vlissingen-Breskens,Vlissingen-Breskens,Kruiningen-Perkpolder,Werkplaats,Terneuzen-Hoedekenskerke,Speciale vaart,Zierikzee-Katseveer,Zierikzee-Katseveer,Veere-Kamperland,Kortgene-Wolphaartsdijk,Kruiningen-Perkpolder,Werkplaats
31-08-1954,Vlissingen-Breskens,Vlissingen-Breskens,Kruiningen-Perkpolder,Werkplaats,Terneuzen-Hoedekenskerke,Overbrenging,Zierikzee-Katseveer,Zierikzee-Katseveer,Veere-Kamperland,Kortgene-Wolphaartsdijk,Kruiningen-Perkpolder,Werkplaats
