November 1946,Koningin Wilhelmina (1927),Dordrecht (1933),Prins Willem I (1933),Oosterschelde (1933),Koningsplaat,Lekstroom,Zandkreek (1926),Prinses Irene,Koningin Emma (1933),Zuidvliet (1914),Zeemeeuw
01-11-1946,Werkplaats,Kruiningen-Perkpolder,Vlissingen-Breskens,Vlissingen-Breskens,Werkplaats,Werkplaats,Kortgene-Wolphaartsdijk,Terneuzen-Hoedekenskerke,Zierikzee-Katseveer,Veere-Kamperland,Werkplaats
02-11-1946,Werkplaats,Kruiningen-Perkpolder,Vlissingen-Breskens,Vlissingen-Breskens,Werkplaats,Werkplaats,Kortgene-Wolphaartsdijk,Terneuzen-Hoedekenskerke,Zierikzee-Katseveer,Veere-Kamperland,Werkplaats
03-11-1946,Kruiningen-Perkpolder,Zijpe-Anna Jacobapolder,Vlissingen-Breskens,Vlissingen-Breskens,Werkplaats,Werkplaats,Kortgene-Wolphaartsdijk,Terneuzen-Hoedekenskerke,Zierikzee-Katseveer,Veere-Kamperland,Werkplaats
04-11-1946,Kruiningen-Perkpolder,Zijpe-Anna Jacobapolder,Vlissingen-Breskens,Vlissingen-Breskens,Werkplaats,Werkplaats,Kortgene-Wolphaartsdijk,Terneuzen-Hoedekenskerke,Zierikzee-Katseveer,Veere-Kamperland,Werkplaats
05-11-1946,Kruiningen-Perkpolder,Zijpe-Anna Jacobapolder,Vlissingen-Breskens,Vlissingen-Breskens,Werkplaats,Werkplaats,Kortgene-Wolphaartsdijk,Terneuzen-Hoedekenskerke,Zierikzee-Katseveer,Veere-Kamperland,Werkplaats
06-11-1946,Kruiningen-Perkpolder,Werkplaats,Vlissingen-Breskens,Vlissingen-Breskens,Werkplaats,Werkplaats,Kortgene-Wolphaartsdijk,Terneuzen-Hoedekenskerke,Zierikzee-Katseveer,Veere-Kamperland,Werkplaats
07-11-1946,Kruiningen-Perkpolder,Werkplaats,Vlissingen-Breskens,Vlissingen-Breskens,Werkplaats,Werkplaats,Kortgene-Wolphaartsdijk,Terneuzen-Hoedekenskerke,Zierikzee-Katseveer,Veere-Kamperland,Werkplaats
08-11-1946,Kruiningen-Perkpolder,Werkplaats,Vlissingen-Breskens,Vlissingen-Breskens,Werkplaats,Werkplaats,Kortgene-Wolphaartsdijk,Terneuzen-Hoedekenskerke,Zierikzee-Katseveer,Veere-Kamperland,Werkplaats
09-11-1946,Kruiningen-Perkpolder,Werkplaats,Vlissingen-Breskens,Vlissingen-Breskens,Werkplaats,Werkplaats,Kortgene-Wolphaartsdijk,Terneuzen-Hoedekenskerke,Zierikzee-Katseveer,Veere-Kamperland,Werkplaats
10-11-1946,Kruiningen-Perkpolder,Werkplaats,Vlissingen-Breskens,Vlissingen-Breskens,Werkplaats,Werkplaats,Kortgene-Wolphaartsdijk,Terneuzen-Hoedekenskerke,Zierikzee-Katseveer,Veere-Kamperland,Werkplaats
11-11-1946,Kruiningen-Perkpolder,Werkplaats,Vlissingen-Breskens,Vlissingen-Breskens,Werkplaats,Werkplaats,Kortgene-Wolphaartsdijk,Terneuzen-Hoedekenskerke,Zierikzee-Katseveer,Veere-Kamperland,Werkplaats
12-11-1946,Kruiningen-Perkpolder,Werkplaats,Vlissingen-Breskens,Vlissingen-Breskens,Werkplaats,Werkplaats,Kortgene-Wolphaartsdijk,Terneuzen-Hoedekenskerke,Zierikzee-Katseveer,Veere-Kamperland,Werkplaats
13-11-1946,Kruiningen-Perkpolder,Werkplaats,Vlissingen-Breskens,Vlissingen-Breskens,Werkplaats,Werkplaats,Kortgene-Wolphaartsdijk,Terneuzen-Hoedekenskerke,Zierikzee-Katseveer,Veere-Kamperland,Werkplaats
14-11-1946,Kruiningen-Perkpolder,Werkplaats,Vlissingen-Breskens,Vlissingen-Breskens,Werkplaats,Werkplaats,Kortgene-Wolphaartsdijk,Terneuzen-Hoedekenskerke,Zierikzee-Katseveer,Veere-Kamperland,Werkplaats
15-11-1946,Kruiningen-Perkpolder,Werkplaats,Vlissingen-Breskens,Vlissingen-Breskens,Werkplaats,Overbrenging,Kortgene-Wolphaartsdijk,Terneuzen-Hoedekenskerke,Zierikzee-Katseveer,Veere-Kamperland,Werkplaats
16-11-1946,Kruiningen-Perkpolder,Werkplaats,Vlissingen-Breskens,Vlissingen-Breskens,Werkplaats,,Kortgene-Wolphaartsdijk,Terneuzen-Hoedekenskerke,Zierikzee-Katseveer,Veere-Kamperland,Werkplaats
17-11-1946,Kruiningen-Perkpolder,Werkplaats,Vlissingen-Breskens,Vlissingen-Breskens,Werkplaats,,Kortgene-Wolphaartsdijk,Terneuzen-Hoedekenskerke,Zierikzee-Katseveer,Veere-Kamperland,Werkplaats
18-11-1946,Kruiningen-Perkpolder,Werkplaats,Vlissingen-Breskens,Vlissingen-Breskens,Werkplaats,,Kortgene-Wolphaartsdijk,Terneuzen-Hoedekenskerke,Zierikzee-Katseveer,Veere-Kamperland,Werkplaats
19-11-1946,Kruiningen-Perkpolder,Werkplaats,Vlissingen-Breskens,Vlissingen-Breskens,Werkplaats,,Kortgene-Wolphaartsdijk,Terneuzen-Hoedekenskerke,Zierikzee-Katseveer,Veere-Kamperland,Werkplaats
20-11-1946,Kruiningen-Perkpolder,Werkplaats,Vlissingen-Breskens,Vlissingen-Breskens,Werkplaats,,Kortgene-Wolphaartsdijk,Terneuzen-Hoedekenskerke,Zierikzee-Katseveer,Veere-Kamperland,Werkplaats
21-11-1946,Kruiningen-Perkpolder,Werkplaats,Vlissingen-Breskens,Vlissingen-Breskens,Werkplaats,,Kortgene-Wolphaartsdijk,Terneuzen-Hoedekenskerke,Zierikzee-Katseveer,Veere-Kamperland,Werkplaats
22-11-1946,Kruiningen-Perkpolder,Werkplaats,Vlissingen-Breskens,Vlissingen-Breskens,Werkplaats,,Kortgene-Wolphaartsdijk,Terneuzen-Hoedekenskerke,Zierikzee-Katseveer,Veere-Kamperland,Werkplaats
23-11-1946,Kruiningen-Perkpolder,Werkplaats,Vlissingen-Breskens,Vlissingen-Breskens,Werkplaats,,Kortgene-Wolphaartsdijk,Terneuzen-Hoedekenskerke,Zierikzee-Katseveer,Veere-Kamperland,Werkplaats
24-11-1946,Kruiningen-Perkpolder,Werkplaats,Vlissingen-Breskens,Vlissingen-Breskens,Werkplaats,,Kortgene-Wolphaartsdijk,Terneuzen-Hoedekenskerke,Zierikzee-Katseveer,Veere-Kamperland,Werkplaats
25-11-1946,Kruiningen-Perkpolder,Werkplaats,Vlissingen-Breskens,Vlissingen-Breskens,Werkplaats,,Kortgene-Wolphaartsdijk,Terneuzen-Hoedekenskerke,Zierikzee-Katseveer,Veere-Kamperland,Werkplaats
26-11-1946,Kruiningen-Perkpolder,Werkplaats,Vlissingen-Breskens,Vlissingen-Breskens,Werkplaats,,Kortgene-Wolphaartsdijk,Terneuzen-Hoedekenskerke,Zierikzee-Katseveer,Veere-Kamperland,Werkplaats
27-11-1946,Kruiningen-Perkpolder,Werkplaats,Vlissingen-Breskens,Vlissingen-Breskens,Werkplaats,,Kortgene-Wolphaartsdijk,Terneuzen-Hoedekenskerke,Zierikzee-Katseveer,Veere-Kamperland,Werkplaats
28-11-1946,Kruiningen-Perkpolder,Werkplaats,Vlissingen-Breskens,Vlissingen-Breskens,Werkplaats,,Kortgene-Wolphaartsdijk,Terneuzen-Hoedekenskerke,Zierikzee-Katseveer,Veere-Kamperland,Werkplaats
29-11-1946,Kruiningen-Perkpolder,Werkplaats,Vlissingen-Breskens,Vlissingen-Breskens,Werkplaats,,Kortgene-Wolphaartsdijk,Terneuzen-Hoedekenskerke,Zierikzee-Katseveer,Veere-Kamperland,Werkplaats
30-11-1946,Kruiningen-Perkpolder,Werkplaats,Vlissingen-Breskens,Vlissingen-Breskens,Werkplaats,,Kortgene-Wolphaartsdijk,Terneuzen-Hoedekenskerke,Zierikzee-Katseveer,Veere-Kamperland,Werkplaats
